#Group,#Point,x_coord,y_coord,z_coord
1,1,1.00025,0.00124,0.0
1,2,0.99758,0.00216,0.0
1,3,0.98961,0.0049,0.0
1,4,0.9764,0.00935,0.0
1,5,0.95808,0.01538,0.0
1,6,0.93481,0.02278,0.0
1,7,0.90682,0.0313,0.0
1,8,0.87436,0.04068,0.0
1,9,0.83777,0.05062,0.0
1,10,0.7974,0.06082,0.0
1,11,0.75366,0.07097,0.0
1,12,0.70702,0.08079,0.0
1,13,0.65797,0.08998,0.0
1,14,0.60703,0.09827,0.0
1,15,0.55477,0.10543,0.0
1,16,0.50176,0.11124,0.0
1,17,0.44863,0.11554,0.0
1,18,0.39587,0.11817,0.0
1,19,0.34306,0.11841,0.0
1,20,0.29199,0.11583,0.0
1,21,0.24336,0.1106,0.0
1,22,0.1978,0.10302,0.0
1,23,0.15592,0.09344,0.0
1,24,0.11825,0.08231,0.0
1,25,0.08524,0.07012,0.0
1,26,0.05726,0.05736,0.0
1,27,0.0346,0.04452,0.0
1,28,0.01745,0.03204,0.0
1,29,0.00595,0.02029,0.0
1,30,0.00014,0.00955,0.0
1,31,0.0,0.0,0.0
1,32,0.00534,-0.00792,0.0
1,33,0.0159,-0.01383,0.0
1,34,0.03149,-0.01781,0.0
1,35,0.05186,-0.01999,0.0
1,36,0.07672,-0.02054,0.0
1,37,0.10574,-0.01967,0.0
1,38,0.13861,-0.01763,0.0
1,39,0.17495,-0.0147,0.0
1,40,0.21441,-0.01121,0.0
1,41,0.25664,-0.00748,0.0
1,42,0.30127,-0.00384,0.0
1,43,0.34792,-0.00064,0.0
1,44,0.39622,0.00182,0.0
1,45,0.44685,0.0037,0.0
1,46,0.49824,0.00542,0.0
1,47,0.54976,0.00684,0.0
1,48,0.60088,0.00786,0.0
1,49,0.65105,0.00843,0.0
1,50,0.69972,0.00853,0.0
1,51,0.74634,0.00819,0.0
1,52,0.79039,0.00747,0.0
1,53,0.83137,0.00643,0.0
1,54,0.86878,0.0052,0.0
1,55,0.9022,0.00386,0.0
1,56,0.93121,0.00252,0.0
1,57,0.95546,0.00129,0.0
1,58,0.97465,0.00024,0.0
1,59,0.98854,-0.00057,0.0
1,60,0.99694,-0.00107,0.0
1,61,0.99975,-0.00124,0.0
1,62,1.0,0.0,0.0
1,0,,,
